object,url
2018.0530-0606_5002_5670_part_.csv,https://west-part-pressure.oss-cn-beijing.aliyuncs.com/2018.0530-0606_5002_5670_part_.csv?Expires=1602224916&OSSAccessKeyId=TMP.3KfdSo4LAfW3PD7fi2h5kcPYU3wq4YuHWNKmzgyYnikTJjUz6HAJQJ57ZjiugeBy2rBPV31uSonkCubdqHahK5mvgYDDJc&Signature=UrHeLUMuJibDZ38mBWqBG%2FdPIR0%3D
2018.0604-0611_1528_2800_part_.csv,https://west-part-pressure.oss-cn-beijing.aliyuncs.com/2018.0604-0611_1528_2800_part_.csv?Expires=1602224916&OSSAccessKeyId=TMP.3KfdSo4LAfW3PD7fi2h5kcPYU3wq4YuHWNKmzgyYnikTJjUz6HAJQJ57ZjiugeBy2rBPV31uSonkCubdqHahK5mvgYDDJc&Signature=X%2FXOu6wyckUFtpJLgcP7rZByJcc%3D
2018.0604-0611_331_936_part_.csv,https://west-part-pressure.oss-cn-beijing.aliyuncs.com/2018.0604-0611_331_936_part_.csv?Expires=1602224916&OSSAccessKeyId=TMP.3KfdSo4LAfW3PD7fi2h5kcPYU3wq4YuHWNKmzgyYnikTJjUz6HAJQJ57ZjiugeBy2rBPV31uSonkCubdqHahK5mvgYDDJc&Signature=%2BD%2B6hVXtLE%2Bgn%2Bg5NuXxvZa2SoI%3D
2018.0604-0611_3700_4254_part_.csv,https://west-part-pressure.oss-cn-beijing.aliyuncs.com/2018.0604-0611_3700_4254_part_.csv?Expires=1602224916&OSSAccessKeyId=TMP.3KfdSo4LAfW3PD7fi2h5kcPYU3wq4YuHWNKmzgyYnikTJjUz6HAJQJ57ZjiugeBy2rBPV31uSonkCubdqHahK5mvgYDDJc&Signature=4XIl5eaIn5l%2FJwPBGlPs7T5UlMo%3D
2018.0604-0611_6338_7424_part_.csv,https://west-part-pressure.oss-cn-beijing.aliyuncs.com/2018.0604-0611_6338_7424_part_.csv?Expires=1602224916&OSSAccessKeyId=TMP.3KfdSo4LAfW3PD7fi2h5kcPYU3wq4YuHWNKmzgyYnikTJjUz6HAJQJ57ZjiugeBy2rBPV31uSonkCubdqHahK5mvgYDDJc&Signature=E1KdLZU47C%2BljBnbraaSRd9f2u0%3D
2018.0604-0611_8312_9138_part_.csv,https://west-part-pressure.oss-cn-beijing.aliyuncs.com/2018.0604-0611_8312_9138_part_.csv?Expires=1602224916&OSSAccessKeyId=TMP.3KfdSo4LAfW3PD7fi2h5kcPYU3wq4YuHWNKmzgyYnikTJjUz6HAJQJ57ZjiugeBy2rBPV31uSonkCubdqHahK5mvgYDDJc&Signature=4RA3z%2B%2B4zHpO1rbhaN9j2NdhV38%3D
2018.0717-0723_3121_4232_part_.csv,https://west-part-pressure.oss-cn-beijing.aliyuncs.com/2018.0717-0723_3121_4232_part_.csv?Expires=1602224916&OSSAccessKeyId=TMP.3KfdSo4LAfW3PD7fi2h5kcPYU3wq4YuHWNKmzgyYnikTJjUz6HAJQJ57ZjiugeBy2rBPV31uSonkCubdqHahK5mvgYDDJc&Signature=dLv3wuzU6F8Tc7SiMvgK0oLRNEs%3D
2018.0717-0723_4331_5306_part_.csv,https://west-part-pressure.oss-cn-beijing.aliyuncs.com/2018.0717-0723_4331_5306_part_.csv?Expires=1602224916&OSSAccessKeyId=TMP.3KfdSo4LAfW3PD7fi2h5kcPYU3wq4YuHWNKmzgyYnikTJjUz6HAJQJ57ZjiugeBy2rBPV31uSonkCubdqHahK5mvgYDDJc&Signature=M8DviQWdf8Vub72nYZcDr3buKXY%3D
2018.0717-0723_7589_8713_part_.csv,https://west-part-pressure.oss-cn-beijing.aliyuncs.com/2018.0717-0723_7589_8713_part_.csv?Expires=1602224916&OSSAccessKeyId=TMP.3KfdSo4LAfW3PD7fi2h5kcPYU3wq4YuHWNKmzgyYnikTJjUz6HAJQJ57ZjiugeBy2rBPV31uSonkCubdqHahK5mvgYDDJc&Signature=RmKjscIb%2FVqneh14KXtTgTSE%2BVs%3D
2018.0717-0723_8774_9688_part_.csv,https://west-part-pressure.oss-cn-beijing.aliyuncs.com/2018.0717-0723_8774_9688_part_.csv?Expires=1602224916&OSSAccessKeyId=TMP.3KfdSo4LAfW3PD7fi2h5kcPYU3wq4YuHWNKmzgyYnikTJjUz6HAJQJ57ZjiugeBy2rBPV31uSonkCubdqHahK5mvgYDDJc&Signature=hy7moj%2F9e9nnAy6%2B8LYQd29w1Ik%3D
2018.0915-0922_0_1055_part_.csv,https://west-part-pressure.oss-cn-beijing.aliyuncs.com/2018.0915-0922_0_1055_part_.csv?Expires=1602224916&OSSAccessKeyId=TMP.3KfdSo4LAfW3PD7fi2h5kcPYU3wq4YuHWNKmzgyYnikTJjUz6HAJQJ57ZjiugeBy2rBPV31uSonkCubdqHahK5mvgYDDJc&Signature=a%2FtXoyGoNFNciIiuPeqQsCQ5a8I%3D
2018.0915-0922_6654_7067_part_.csv,https://west-part-pressure.oss-cn-beijing.aliyuncs.com/2018.0915-0922_6654_7067_part_.csv?Expires=1602224916&OSSAccessKeyId=TMP.3KfdSo4LAfW3PD7fi2h5kcPYU3wq4YuHWNKmzgyYnikTJjUz6HAJQJ57ZjiugeBy2rBPV31uSonkCubdqHahK5mvgYDDJc&Signature=ikqyannp8tkkPqaWz6EqRLVmwHo%3D
2018.0915-0922_8100_8464_part_.csv,https://west-part-pressure.oss-cn-beijing.aliyuncs.com/2018.0915-0922_8100_8464_part_.csv?Expires=1602224916&OSSAccessKeyId=TMP.3KfdSo4LAfW3PD7fi2h5kcPYU3wq4YuHWNKmzgyYnikTJjUz6HAJQJ57ZjiugeBy2rBPV31uSonkCubdqHahK5mvgYDDJc&Signature=Wz5Ft4LBF6pvn6q0GKx%2Fs6VC2hs%3D
2019.0228-0308_1677_2389_part_.csv,https://west-part-pressure.oss-cn-beijing.aliyuncs.com/2019.0228-0308_1677_2389_part_.csv?Expires=1602224916&OSSAccessKeyId=TMP.3KfdSo4LAfW3PD7fi2h5kcPYU3wq4YuHWNKmzgyYnikTJjUz6HAJQJ57ZjiugeBy2rBPV31uSonkCubdqHahK5mvgYDDJc&Signature=8Qhx1GAfgZ7A%2FVuXuTRrGysSUu8%3D
2019.0425-0503_0_200_part_.csv,https://west-part-pressure.oss-cn-beijing.aliyuncs.com/2019.0425-0503_0_200_part_.csv?Expires=1602224916&OSSAccessKeyId=TMP.3KfdSo4LAfW3PD7fi2h5kcPYU3wq4YuHWNKmzgyYnikTJjUz6HAJQJ57ZjiugeBy2rBPV31uSonkCubdqHahK5mvgYDDJc&Signature=Yb10GMKPgnHnqoDR09f%2FsqaM7Es%3D
2019.0425-0503_2485_3573_part_.csv,https://west-part-pressure.oss-cn-beijing.aliyuncs.com/2019.0425-0503_2485_3573_part_.csv?Expires=1602224916&OSSAccessKeyId=TMP.3KfdSo4LAfW3PD7fi2h5kcPYU3wq4YuHWNKmzgyYnikTJjUz6HAJQJ57ZjiugeBy2rBPV31uSonkCubdqHahK5mvgYDDJc&Signature=UJqaNTXUJ1nz535aBoIsgoQQ4Lo%3D
2019.0425-0503_3755_5218_part_.csv,https://west-part-pressure.oss-cn-beijing.aliyuncs.com/2019.0425-0503_3755_5218_part_.csv?Expires=1602224916&OSSAccessKeyId=TMP.3KfdSo4LAfW3PD7fi2h5kcPYU3wq4YuHWNKmzgyYnikTJjUz6HAJQJ57ZjiugeBy2rBPV31uSonkCubdqHahK5mvgYDDJc&Signature=VfUbaOi39hW%2B%2B4BOMEjDICrMTbs%3D
2019.0425-0503_8664_10568_part_.csv,https://west-part-pressure.oss-cn-beijing.aliyuncs.com/2019.0425-0503_8664_10568_part_.csv?Expires=1602224917&OSSAccessKeyId=TMP.3KfdSo4LAfW3PD7fi2h5kcPYU3wq4YuHWNKmzgyYnikTJjUz6HAJQJ57ZjiugeBy2rBPV31uSonkCubdqHahK5mvgYDDJc&Signature=BNhNlWbtseYAR6sY3ygjC%2BIY2us%3D
2019.0425-0503_931_1630_part_.csv,https://west-part-pressure.oss-cn-beijing.aliyuncs.com/2019.0425-0503_931_1630_part_.csv?Expires=1602224917&OSSAccessKeyId=TMP.3KfdSo4LAfW3PD7fi2h5kcPYU3wq4YuHWNKmzgyYnikTJjUz6HAJQJ57ZjiugeBy2rBPV31uSonkCubdqHahK5mvgYDDJc&Signature=dsutMXOgIBo3N2lh0b6qRGjDai0%3D
2019.1003-1011_10290_10549_part_.csv,https://west-part-pressure.oss-cn-beijing.aliyuncs.com/2019.1003-1011_10290_10549_part_.csv?Expires=1602224917&OSSAccessKeyId=TMP.3KfdSo4LAfW3PD7fi2h5kcPYU3wq4YuHWNKmzgyYnikTJjUz6HAJQJ57ZjiugeBy2rBPV31uSonkCubdqHahK5mvgYDDJc&Signature=dQgQ84tH1HXXq3bVdRrQ7i1KXgk%3D
2019.1003-1011_2130_3510_part_.csv,https://west-part-pressure.oss-cn-beijing.aliyuncs.com/2019.1003-1011_2130_3510_part_.csv?Expires=1602224917&OSSAccessKeyId=TMP.3KfdSo4LAfW3PD7fi2h5kcPYU3wq4YuHWNKmzgyYnikTJjUz6HAJQJ57ZjiugeBy2rBPV31uSonkCubdqHahK5mvgYDDJc&Signature=BNAvK654JnDmHQ8yzX0HIg6CgUY%3D
2019.1003-1011_231_800_part_.csv,https://west-part-pressure.oss-cn-beijing.aliyuncs.com/2019.1003-1011_231_800_part_.csv?Expires=1602224917&OSSAccessKeyId=TMP.3KfdSo4LAfW3PD7fi2h5kcPYU3wq4YuHWNKmzgyYnikTJjUz6HAJQJ57ZjiugeBy2rBPV31uSonkCubdqHahK5mvgYDDJc&Signature=3yYLlvYrd19fUSNdrj%2FcvBheUnE%3D
2019.1003-1011_3940_4400_part_.csv,https://west-part-pressure.oss-cn-beijing.aliyuncs.com/2019.1003-1011_3940_4400_part_.csv?Expires=1602224917&OSSAccessKeyId=TMP.3KfdSo4LAfW3PD7fi2h5kcPYU3wq4YuHWNKmzgyYnikTJjUz6HAJQJ57ZjiugeBy2rBPV31uSonkCubdqHahK5mvgYDDJc&Signature=ShDGV0kdWmTsJ8qnA5R%2Bhi71s%2Bs%3D
2019.1003-1011_6320_7450_part_.csv,https://west-part-pressure.oss-cn-beijing.aliyuncs.com/2019.1003-1011_6320_7450_part_.csv?Expires=1602224917&OSSAccessKeyId=TMP.3KfdSo4LAfW3PD7fi2h5kcPYU3wq4YuHWNKmzgyYnikTJjUz6HAJQJ57ZjiugeBy2rBPV31uSonkCubdqHahK5mvgYDDJc&Signature=wmyyXOvRh6XD9CO1fWZ8l0wI4c8%3D
2019.1003-1011_7840_8500_part_.csv,https://west-part-pressure.oss-cn-beijing.aliyuncs.com/2019.1003-1011_7840_8500_part_.csv?Expires=1602224917&OSSAccessKeyId=TMP.3KfdSo4LAfW3PD7fi2h5kcPYU3wq4YuHWNKmzgyYnikTJjUz6HAJQJ57ZjiugeBy2rBPV31uSonkCubdqHahK5mvgYDDJc&Signature=uPwcPeNkkHWvWPOHayGSX2%2Bwj54%3D
2019.1003-1011_8790_9321_part_.csv,https://west-part-pressure.oss-cn-beijing.aliyuncs.com/2019.1003-1011_8790_9321_part_.csv?Expires=1602224917&OSSAccessKeyId=TMP.3KfdSo4LAfW3PD7fi2h5kcPYU3wq4YuHWNKmzgyYnikTJjUz6HAJQJ57ZjiugeBy2rBPV31uSonkCubdqHahK5mvgYDDJc&Signature=fyNsywIIPtOET9glKW%2FvogCuQi8%3D
